boundaryID,Country,boundaryISO,boundaryYear,boundaryType,boundaryCanonical,boundarySource-1,boundarySource-2,boundaryLicense,licenseDetail,licenseSource,boundarySourceURL,sourceDataUpdateDate,buildUpdateDate,Continent,UNSDG-region,UNSDG-subregion,worldBankIncomeGroup,apiURL,admUnitCount,meanVertices,minVertices,maxVertices,meanPerimeterLengthKM,minPerimeterLengthKM,maxPerimeterLengthKM,meanAreaSqKM,minAreaSqKM,maxAreaSqKM,
"...","Aruba","ABW","2018","ADM1","Unkown","naturalEarth","","?","","https://www.naturalearthdata.com/about/terms-of-use/","https://www.naturalearthdata.com/downloads/10m-cultural-vectors/10m-admin-1-states-provinces/","2018-XX-XX","...","Latin America and the Caribbean","Latin America and the Caribbean","Caribbean","High-income Countries","...","","","","","","","","","","",""
"...","Afghanistan","AFG","2018","ADM1","Province","naturalEarth","","?","","https://www.naturalearthdata.com/about/terms-of-use/","https://www.naturalearthdata.com/downloads/10m-cultural-vectors/10m-admin-1-states-provinces/","2018-XX-XX","...","Asia","Central and Southern Asia","Southern Asia","Low-income Countries","...","","","","","","","","","","",""
"...","Angola","AGO","2018","ADM1","Province","naturalEarth","","?","","https://www.naturalearthdata.com/about/terms-of-use/","https://www.naturalearthdata.com/downloads/10m-cultural-vectors/10m-admin-1-states-provinces/","2018-XX-XX","...","Africa","Sub-Saharan Africa","Middle Africa","Lower-middle-income Countries","...","","","","","","","","","","",""
"...","Anguilla","AIA","2018","ADM1","District","naturalEarth","","?","","https://www.naturalearthdata.com/about/terms-of-use/","https://www.naturalearthdata.com/downloads/10m-cultural-vectors/10m-admin-1-states-provinces/","2018-XX-XX","...","Latin America and the Caribbean","Latin America and the Caribbean","Caribbean","No income group available","...","","","","","","","","","","",""
"...","Albania","ALB","2018","ADM1","County","naturalEarth","","?","","https://www.naturalearthdata.com/about/terms-of-use/","https://www.naturalearthdata.com/downloads/10m-cultural-vectors/10m-admin-1-states-provinces/","2018-XX-XX","...","Europe","Europe and Northern America","Southern Europe","Upper-middle-income Countries","...","","","","","","","","","","",""
"...","Andorra","AND","2018","ADM1","Unkown","naturalEarth","","?","","https://www.naturalearthdata.com/about/terms-of-use/","https://www.naturalearthdata.com/downloads/10m-cultural-vectors/10m-admin-1-states-provinces/","2018-XX-XX","...","Europe","Europe and Northern America","Southern Europe","High-income Countries","...","","","","","","","","","","",""
"...","United Arab Emirates","ARE","2018","ADM1","Emirate","naturalEarth","","?","","https://www.naturalearthdata.com/about/terms-of-use/","https://www.naturalearthdata.com/downloads/10m-cultural-vectors/10m-admin-1-states-provinces/","2018-XX-XX","...","Asia","Northern Africa and Western Asia","Western Asia","High-income Countries","...","","","","","","","","","","",""
"...","Argentina","ARG","2018","ADM1","Province","naturalEarth","","?","","https://www.naturalearthdata.com/about/terms-of-use/","https://www.naturalearthdata.com/downloads/10m-cultural-vectors/10m-admin-1-states-provinces/","2018-XX-XX","...","Latin America and the Caribbean","Latin America and the Caribbean","South America","High-income Countries","...","","","","","","","","","","",""
"...","Armenia","ARM","2018","ADM1","Province","naturalEarth","","?","","https://www.naturalearthdata.com/about/terms-of-use/","https://www.naturalearthdata.com/downloads/10m-cultural-vectors/10m-admin-1-states-provinces/","2018-XX-XX","...","Asia","Northern Africa and Western Asia","Western Asia","Upper-middle-income Countries","...","","","","","","","","","","",""
"...","American Samoa","ASM","2018","ADM1","Unkown","naturalEarth","","?","","https://www.naturalearthdata.com/about/terms-of-use/","https://www.naturalearthdata.com/downloads/10m-cultural-vectors/10m-admin-1-states-provinces/","2018-XX-XX","...","Oceania","Oceania (excluding Australia and New Zealand)","Polynesia","Upper-middle-income Countries","...","","","","","","","","","","",""
"...","Antartica","ATA","2018","ADM1","Unkown","naturalEarth","","?","","https://www.naturalearthdata.com/about/terms-of-use/","https://www.naturalearthdata.com/downloads/10m-cultural-vectors/10m-admin-1-states-provinces/","2018-XX-XX","..."," Undefined"," Undefined"," Undefined"," Undefined","...","","","","","","","","","","",""
"...","Antigua and Barbuda","ATG","2018","ADM1","Parish","naturalEarth","","?","","https://www.naturalearthdata.com/about/terms-of-use/","https://www.naturalearthdata.com/downloads/10m-cultural-vectors/10m-admin-1-states-provinces/","2018-XX-XX","...","Latin America and the Caribbean","Latin America and the Caribbean","Caribbean","High-income Countries","...","","","","","","","","","","",""
"...","Australia","AUS","2018","ADM1","State","naturalEarth","","?","","https://www.naturalearthdata.com/about/terms-of-use/","https://www.naturalearthdata.com/downloads/10m-cultural-vectors/10m-admin-1-states-provinces/","2018-XX-XX","...","Oceania","Australia/New Zealand","Australia/New Zealand","High-income Countries","...","","","","","","","","","","",""
"...","Austria","AUT","2018","ADM1","State","naturalEarth","","?","","https://www.naturalearthdata.com/about/terms-of-use/","https://www.naturalearthdata.com/downloads/10m-cultural-vectors/10m-admin-1-states-provinces/","2018-XX-XX","...","Europe","Europe and Northern America","Western Europe","High-income Countries","...","","","","","","","","","","",""
"...","Azerbaijan","AZE","2018","ADM1","District","naturalEarth","","?","","https://www.naturalearthdata.com/about/terms-of-use/","https://www.naturalearthdata.com/downloads/10m-cultural-vectors/10m-admin-1-states-provinces/","2018-XX-XX","...","Asia","Northern Africa and Western Asia","Western Asia","Upper-middle-income Countries","...","","","","","","","","","","",""
"...","Burundi","BDI","2018","ADM1","Province","naturalEarth","","?","","https://www.naturalearthdata.com/about/terms-of-use/","https://www.naturalearthdata.com/downloads/10m-cultural-vectors/10m-admin-1-states-provinces/","2018-XX-XX","...","Africa","Sub-Saharan Africa","Eastern Africa","Low-income Countries","...","","","","","","","","","","",""
"...","Belgium","BEL","2018","ADM1","Province","naturalEarth","","?","","https://www.naturalearthdata.com/about/terms-of-use/","https://www.naturalearthdata.com/downloads/10m-cultural-vectors/10m-admin-1-states-provinces/","2018-XX-XX","...","Europe","Europe and Northern America","Western Europe","High-income Countries","...","","","","","","","","","","",""
"...","Benin","BEN","2018","ADM1","Department","naturalEarth","","?","","https://www.naturalearthdata.com/about/terms-of-use/","https://www.naturalearthdata.com/downloads/10m-cultural-vectors/10m-admin-1-states-provinces/","2018-XX-XX","...","Africa","Sub-Saharan Africa","Western Africa","Low-income Countries","...","","","","","","","","","","",""
"...","Burkina Faso","BFA","2018","ADM1","Province","naturalEarth","","?","","https://www.naturalearthdata.com/about/terms-of-use/","https://www.naturalearthdata.com/downloads/10m-cultural-vectors/10m-admin-1-states-provinces/","2018-XX-XX","...","Africa","Sub-Saharan Africa","Western Africa","Low-income Countries","...","","","","","","","","","","",""
"...","Bangladesh","BGD","2018","ADM1","Division","naturalEarth","","?","","https://www.naturalearthdata.com/about/terms-of-use/","https://www.naturalearthdata.com/downloads/10m-cultural-vectors/10m-admin-1-states-provinces/","2018-XX-XX","...","Asia","Central and Southern Asia","Southern Asia","Lower-middle-income Countries","...","","","","","","","","","","",""
"...","Bulgaria","BGR","2018","ADM1","Province","naturalEarth","","?","","https://www.naturalearthdata.com/about/terms-of-use/","https://www.naturalearthdata.com/downloads/10m-cultural-vectors/10m-admin-1-states-provinces/","2018-XX-XX","...","Europe","Europe and Northern America","Eastern Europe","Upper-middle-income Countries","...","","","","","","","","","","",""
"...","Bahrain","BHR","2018","ADM1","Governorate","naturalEarth","","?","","https://www.naturalearthdata.com/about/terms-of-use/","https://www.naturalearthdata.com/downloads/10m-cultural-vectors/10m-admin-1-states-provinces/","2018-XX-XX","...","Asia","Northern Africa and Western Asia","Western Asia","High-income Countries","...","","","","","","","","","","",""
"...","Bahamas","BHS","2018","ADM1","District","naturalEarth","","?","","https://www.naturalearthdata.com/about/terms-of-use/","https://www.naturalearthdata.com/downloads/10m-cultural-vectors/10m-admin-1-states-provinces/","2018-XX-XX","...","Latin America and the Caribbean","Latin America and the Caribbean","Caribbean","High-income Countries","...","","","","","","","","","","",""
"...","Bosnia and Herzegovina","BIH","2018","ADM1","Canton","naturalEarth","","?","","https://www.naturalearthdata.com/about/terms-of-use/","https://www.naturalearthdata.com/downloads/10m-cultural-vectors/10m-admin-1-states-provinces/","2018-XX-XX","...","Europe","Europe and Northern America","Southern Europe","Upper-middle-income Countries","...","","","","","","","","","","",""
"...","Saint Barthélemy","BLM","2018","ADM1","Unkown","naturalEarth","","?","","https://www.naturalearthdata.com/about/terms-of-use/","https://www.naturalearthdata.com/downloads/10m-cultural-vectors/10m-admin-1-states-provinces/","2018-XX-XX","...","Latin America and the Caribbean","Latin America and the Caribbean","Caribbean","No income group available","...","","","","","","","","","","",""
"...","Belarus","BLR","2018","ADM1","Region","naturalEarth","","?","","https://www.naturalearthdata.com/about/terms-of-use/","https://www.naturalearthdata.com/downloads/10m-cultural-vectors/10m-admin-1-states-provinces/","2018-XX-XX","...","Europe","Europe and Northern America","Eastern Europe","Upper-middle-income Countries","...","","","","","","","","","","",""
"...","Belize","BLZ","2018","ADM1","District","naturalEarth","","?","","https://www.naturalearthdata.com/about/terms-of-use/","https://www.naturalearthdata.com/downloads/10m-cultural-vectors/10m-admin-1-states-provinces/","2018-XX-XX","...","Latin America and the Caribbean","Latin America and the Caribbean","Central America","Upper-middle-income Countries","...","","","","","","","","","","",""
"...","Bermuda","BMU","2018","ADM1","Unkown","naturalEarth","","?","","https://www.naturalearthdata.com/about/terms-of-use/","https://www.naturalearthdata.com/downloads/10m-cultural-vectors/10m-admin-1-states-provinces/","2018-XX-XX","...","Northern America","Europe and Northern America","Undefined","High-income Countries","...","","","","","","","","","","",""
"...","Bolivia (Plurinational State of)","BOL","2018","ADM1","Department","naturalEarth","","?","","https://www.naturalearthdata.com/about/terms-of-use/","https://www.naturalearthdata.com/downloads/10m-cultural-vectors/10m-admin-1-states-provinces/","2018-XX-XX","...","Latin America and the Caribbean","Latin America and the Caribbean","South America","Lower-middle-income Countries","...","","","","","","","","","","",""
"...","Brazil","BRA","2018","ADM1","State","naturalEarth","","?","","https://www.naturalearthdata.com/about/terms-of-use/","https://www.naturalearthdata.com/downloads/10m-cultural-vectors/10m-admin-1-states-provinces/","2018-XX-XX","...","Latin America and the Caribbean","Latin America and the Caribbean","South America","Upper-middle-income Countries","...","","","","","","","","","","",""
"...","Barbados","BRB","2018","ADM1","Parish","naturalEarth","","?","","https://www.naturalearthdata.com/about/terms-of-use/","https://www.naturalearthdata.com/downloads/10m-cultural-vectors/10m-admin-1-states-provinces/","2018-XX-XX","...","Latin America and the Caribbean","Latin America and the Caribbean","Caribbean","High-income Countries","...","","","","","","","","","","",""
"...","Brunei Darussalam","BRN","2018","ADM1","District","naturalEarth","","?","","https://www.naturalearthdata.com/about/terms-of-use/","https://www.naturalearthdata.com/downloads/10m-cultural-vectors/10m-admin-1-states-provinces/","2018-XX-XX","...","Asia","Eastern and South-Eastern Asia","South-Eastern Asia","High-income Countries","...","","","","","","","","","","",""
"...","Bhutan","BTN","2018","ADM1","District","naturalEarth","","?","","https://www.naturalearthdata.com/about/terms-of-use/","https://www.naturalearthdata.com/downloads/10m-cultural-vectors/10m-admin-1-states-provinces/","2018-XX-XX","...","Asia","Central and Southern Asia","Southern Asia","Lower-middle-income Countries","...","","","","","","","","","","",""
"...","Botswana","BWA","2018","ADM1","District","naturalEarth","","?","","https://www.naturalearthdata.com/about/terms-of-use/","https://www.naturalearthdata.com/downloads/10m-cultural-vectors/10m-admin-1-states-provinces/","2018-XX-XX","...","Africa","Sub-Saharan Africa","Southern Africa","Upper-middle-income Countries","...","","","","","","","","","","",""
"...","Central African Republic","CAF","2018","ADM1","Prefecture","naturalEarth","","?","","https://www.naturalearthdata.com/about/terms-of-use/","https://www.naturalearthdata.com/downloads/10m-cultural-vectors/10m-admin-1-states-provinces/","2018-XX-XX","...","Africa","Sub-Saharan Africa","Middle Africa","Low-income Countries","...","","","","","","","","","","",""
"...","Canada","CAN","2018","ADM1","Province","naturalEarth","","?","","https://www.naturalearthdata.com/about/terms-of-use/","https://www.naturalearthdata.com/downloads/10m-cultural-vectors/10m-admin-1-states-provinces/","2018-XX-XX","...","Northern America","Europe and Northern America","Undefined","High-income Countries","...","","","","","","","","","","",""
"...","Switzerland","CHE","2018","ADM1","Canton","naturalEarth","","?","","https://www.naturalearthdata.com/about/terms-of-use/","https://www.naturalearthdata.com/downloads/10m-cultural-vectors/10m-admin-1-states-provinces/","2018-XX-XX","...","Europe","Europe and Northern America","Western Europe","High-income Countries","...","","","","","","","","","","",""
"...","Chile","CHL","2018","ADM1","Region","naturalEarth","","?","","https://www.naturalearthdata.com/about/terms-of-use/","https://www.naturalearthdata.com/downloads/10m-cultural-vectors/10m-admin-1-states-provinces/","2018-XX-XX","...","Latin America and the Caribbean","Latin America and the Caribbean","South America","High-income Countries","...","","","","","","","","","","",""
"...","China","CHN","2018","ADM1","Autonomous Region","naturalEarth","","?","","https://www.naturalearthdata.com/about/terms-of-use/","https://www.naturalearthdata.com/downloads/10m-cultural-vectors/10m-admin-1-states-provinces/","2018-XX-XX","...","Asia","Eastern and South-Eastern Asia","Eastern Asia","Upper-middle-income Countries","...","","","","","","","","","","",""
"...","Côte d'Ivoire","CIV","2018","ADM1","Region","naturalEarth","","?","","https://www.naturalearthdata.com/about/terms-of-use/","https://www.naturalearthdata.com/downloads/10m-cultural-vectors/10m-admin-1-states-provinces/","2018-XX-XX","...","Africa","Sub-Saharan Africa","Western Africa","Lower-middle-income Countries","...","","","","","","","","","","",""
"...","Cameroon","CMR","2018","ADM1","Province","naturalEarth","","?","","https://www.naturalearthdata.com/about/terms-of-use/","https://www.naturalearthdata.com/downloads/10m-cultural-vectors/10m-admin-1-states-provinces/","2018-XX-XX","...","Africa","Sub-Saharan Africa","Middle Africa","Lower-middle-income Countries","...","","","","","","","","","","",""
"...","Democratic Republic of the Congo","COD","2018","ADM1","Province","naturalEarth","","?","","https://www.naturalearthdata.com/about/terms-of-use/","https://www.naturalearthdata.com/downloads/10m-cultural-vectors/10m-admin-1-states-provinces/","2018-XX-XX","...","Africa","Sub-Saharan Africa","Middle Africa","Low-income Countries","...","","","","","","","","","","",""
"...","Congo","COG","2018","ADM1","Region","naturalEarth","","?","","https://www.naturalearthdata.com/about/terms-of-use/","https://www.naturalearthdata.com/downloads/10m-cultural-vectors/10m-admin-1-states-provinces/","2018-XX-XX","...","Africa","Sub-Saharan Africa","Middle Africa","Lower-middle-income Countries","...","","","","","","","","","","",""
"...","Cook Islands","COK","2018","ADM1","Unkown","naturalEarth","","?","","https://www.naturalearthdata.com/about/terms-of-use/","https://www.naturalearthdata.com/downloads/10m-cultural-vectors/10m-admin-1-states-provinces/","2018-XX-XX","...","Oceania","Oceania (excluding Australia and New Zealand)","Polynesia","No income group available","...","","","","","","","","","","",""
"...","Colombia","COL","2018","ADM1","Department","naturalEarth","","?","","https://www.naturalearthdata.com/about/terms-of-use/","https://www.naturalearthdata.com/downloads/10m-cultural-vectors/10m-admin-1-states-provinces/","2018-XX-XX","...","Latin America and the Caribbean","Latin America and the Caribbean","South America","Upper-middle-income Countries","...","","","","","","","","","","",""
"...","Comoros","COM","2018","ADM1","Unkown","naturalEarth","","?","","https://www.naturalearthdata.com/about/terms-of-use/","https://www.naturalearthdata.com/downloads/10m-cultural-vectors/10m-admin-1-states-provinces/","2018-XX-XX","...","Africa","Sub-Saharan Africa","Eastern Africa","Low-income Countries","...","","","","","","","","","","",""
"...","Cabo Verde","CPV","2018","ADM1","Unkown","naturalEarth","","?","","https://www.naturalearthdata.com/about/terms-of-use/","https://www.naturalearthdata.com/downloads/10m-cultural-vectors/10m-admin-1-states-provinces/","2018-XX-XX","...","Africa","Sub-Saharan Africa","Western Africa","Lower-middle-income Countries","...","","","","","","","","","","",""
"...","Costa Rica","CRI","2018","ADM1","Province","naturalEarth","","?","","https://www.naturalearthdata.com/about/terms-of-use/","https://www.naturalearthdata.com/downloads/10m-cultural-vectors/10m-admin-1-states-provinces/","2018-XX-XX","...","Latin America and the Caribbean","Latin America and the Caribbean","Central America","Upper-middle-income Countries","...","","","","","","","","","","",""
"...","Cuba","CUB","2018","ADM1","Province","naturalEarth","","?","","https://www.naturalearthdata.com/about/terms-of-use/","https://www.naturalearthdata.com/downloads/10m-cultural-vectors/10m-admin-1-states-provinces/","2018-XX-XX","...","Latin America and the Caribbean","Latin America and the Caribbean","Caribbean","Upper-middle-income Countries","...","","","","","","","","","","",""
"...","Curaçao","CUW","2018","ADM1","Unkown","naturalEarth","","?","","https://www.naturalearthdata.com/about/terms-of-use/","https://www.naturalearthdata.com/downloads/10m-cultural-vectors/10m-admin-1-states-provinces/","2018-XX-XX","...","Latin America and the Caribbean","Latin America and the Caribbean","Caribbean","High-income Countries","...","","","","","","","","","","",""
"...","Cayman Islands","CYM","2018","ADM1","Unkown","naturalEarth","","?","","https://www.naturalearthdata.com/about/terms-of-use/","https://www.naturalearthdata.com/downloads/10m-cultural-vectors/10m-admin-1-states-provinces/","2018-XX-XX","...","Latin America and the Caribbean","Latin America and the Caribbean","Caribbean","High-income Countries","...","","","","","","","","","","",""
"...","Cyprus","CYP","2018","ADM1","District","naturalEarth","","?","","https://www.naturalearthdata.com/about/terms-of-use/","https://www.naturalearthdata.com/downloads/10m-cultural-vectors/10m-admin-1-states-provinces/","2018-XX-XX","...","Asia","Northern Africa and Western Asia","Western Asia","High-income Countries","...","","","","","","","","","","",""
"...","Czechia","CZE","2018","ADM1","Region","naturalEarth","","?","","https://www.naturalearthdata.com/about/terms-of-use/","https://www.naturalearthdata.com/downloads/10m-cultural-vectors/10m-admin-1-states-provinces/","2018-XX-XX","...","Europe","Europe and Northern America","Eastern Europe","High-income Countries","...","","","","","","","","","","",""
"...","Germany","DEU","2018","ADM1","State","naturalEarth","","?","","https://www.naturalearthdata.com/about/terms-of-use/","https://www.naturalearthdata.com/downloads/10m-cultural-vectors/10m-admin-1-states-provinces/","2018-XX-XX","...","Europe","Europe and Northern America","Western Europe","High-income Countries","...","","","","","","","","","","",""
"...","Djibouti","DJI","2018","ADM1","Region","naturalEarth","","?","","https://www.naturalearthdata.com/about/terms-of-use/","https://www.naturalearthdata.com/downloads/10m-cultural-vectors/10m-admin-1-states-provinces/","2018-XX-XX","...","Africa","Sub-Saharan Africa","Eastern Africa","Lower-middle-income Countries","...","","","","","","","","","","",""
"...","Dominica","DMA","2018","ADM1","Parish","naturalEarth","","?","","https://www.naturalearthdata.com/about/terms-of-use/","https://www.naturalearthdata.com/downloads/10m-cultural-vectors/10m-admin-1-states-provinces/","2018-XX-XX","...","Latin America and the Caribbean","Latin America and the Caribbean","Caribbean","Upper-middle-income Countries","...","","","","","","","","","","",""
"...","Denmark","DNK","2018","ADM1","Region","naturalEarth","","?","","https://www.naturalearthdata.com/about/terms-of-use/","https://www.naturalearthdata.com/downloads/10m-cultural-vectors/10m-admin-1-states-provinces/","2018-XX-XX","...","Europe","Europe and Northern America","Northern Europe","High-income Countries","...","","","","","","","","","","",""
"...","Dominican Republic","DOM","2018","ADM1","Province","naturalEarth","","?","","https://www.naturalearthdata.com/about/terms-of-use/","https://www.naturalearthdata.com/downloads/10m-cultural-vectors/10m-admin-1-states-provinces/","2018-XX-XX","...","Latin America and the Caribbean","Latin America and the Caribbean","Caribbean","Upper-middle-income Countries","...","","","","","","","","","","",""
"...","Algeria","DZA","2018","ADM1","Province","naturalEarth","","?","","https://www.naturalearthdata.com/about/terms-of-use/","https://www.naturalearthdata.com/downloads/10m-cultural-vectors/10m-admin-1-states-provinces/","2018-XX-XX","...","Africa","Northern Africa and Western Asia","Northern Africa","Upper-middle-income Countries","...","","","","","","","","","","",""
"...","Ecuador","ECU","2018","ADM1","Province","naturalEarth","","?","","https://www.naturalearthdata.com/about/terms-of-use/","https://www.naturalearthdata.com/downloads/10m-cultural-vectors/10m-admin-1-states-provinces/","2018-XX-XX","...","Latin America and the Caribbean","Latin America and the Caribbean","South America","Upper-middle-income Countries","...","","","","","","","","","","",""
"...","Egypt","EGY","2018","ADM1","Governorate","naturalEarth","","?","","https://www.naturalearthdata.com/about/terms-of-use/","https://www.naturalearthdata.com/downloads/10m-cultural-vectors/10m-admin-1-states-provinces/","2018-XX-XX","...","Africa","Northern Africa and Western Asia","Northern Africa","Lower-middle-income Countries","...","","","","","","","","","","",""
"...","Eritrea","ERI","2018","ADM1","Region","naturalEarth","","?","","https://www.naturalearthdata.com/about/terms-of-use/","https://www.naturalearthdata.com/downloads/10m-cultural-vectors/10m-admin-1-states-provinces/","2018-XX-XX","...","Africa","Sub-Saharan Africa","Eastern Africa","Low-income Countries","...","","","","","","","","","","",""
"...","Spain","ESP","2018","ADM1","Autonomous City","naturalEarth","","?","","https://www.naturalearthdata.com/about/terms-of-use/","https://www.naturalearthdata.com/downloads/10m-cultural-vectors/10m-admin-1-states-provinces/","2018-XX-XX","...","Europe","Europe and Northern America","Southern Europe","High-income Countries","...","","","","","","","","","","",""
"...","Estonia","EST","2018","ADM1","County","naturalEarth","","?","","https://www.naturalearthdata.com/about/terms-of-use/","https://www.naturalearthdata.com/downloads/10m-cultural-vectors/10m-admin-1-states-provinces/","2018-XX-XX","...","Europe","Europe and Northern America","Northern Europe","High-income Countries","...","","","","","","","","","","",""
"...","Ethiopia","ETH","2018","ADM1","Administrative State","naturalEarth","","?","","https://www.naturalearthdata.com/about/terms-of-use/","https://www.naturalearthdata.com/downloads/10m-cultural-vectors/10m-admin-1-states-provinces/","2018-XX-XX","...","Africa","Sub-Saharan Africa","Eastern Africa","Low-income Countries","...","","","","","","","","","","",""
"...","Finland","FIN","2018","ADM1","Province","naturalEarth","","?","","https://www.naturalearthdata.com/about/terms-of-use/","https://www.naturalearthdata.com/downloads/10m-cultural-vectors/10m-admin-1-states-provinces/","2018-XX-XX","...","Europe","Europe and Northern America","Northern Europe","High-income Countries","...","","","","","","","","","","",""
"...","Fiji","FJI","2018","ADM1","Division","naturalEarth","","?","","https://www.naturalearthdata.com/about/terms-of-use/","https://www.naturalearthdata.com/downloads/10m-cultural-vectors/10m-admin-1-states-provinces/","2018-XX-XX","...","Oceania","Oceania (excluding Australia and New Zealand)","Melanesia","Upper-middle-income Countries","...","","","","","","","","","","",""
"...","Falkland Islands (Malvinas)","FLK","2018","ADM1","Unkown","naturalEarth","","?","","https://www.naturalearthdata.com/about/terms-of-use/","https://www.naturalearthdata.com/downloads/10m-cultural-vectors/10m-admin-1-states-provinces/","2018-XX-XX","...","Latin America and the Caribbean","Latin America and the Caribbean","South America","No income group available","...","","","","","","","","","","",""
"...","France","FRA","2018","ADM1","Overseas department","naturalEarth","","?","","https://www.naturalearthdata.com/about/terms-of-use/","https://www.naturalearthdata.com/downloads/10m-cultural-vectors/10m-admin-1-states-provinces/","2018-XX-XX","...","Europe","Europe and Northern America","Western Europe","High-income Countries","...","","","","","","","","","","",""
"...","Faroe Islands","FRO","2018","ADM1","Region","naturalEarth","","?","","https://www.naturalearthdata.com/about/terms-of-use/","https://www.naturalearthdata.com/downloads/10m-cultural-vectors/10m-admin-1-states-provinces/","2018-XX-XX","...","Europe","Europe and Northern America","Northern Europe","High-income Countries","...","","","","","","","","","","",""
"...","Micronesia (Fed. States of)","FSM","2018","ADM1","Unkown","naturalEarth","","?","","https://www.naturalearthdata.com/about/terms-of-use/","https://www.naturalearthdata.com/downloads/10m-cultural-vectors/10m-admin-1-states-provinces/","2018-XX-XX","...","Oceania","Oceania (excluding Australia and New Zealand)","Micronesia","Lower-middle-income Countries","...","","","","","","","","","","",""
"...","Gabon","GAB","2018","ADM1","Province","naturalEarth","","?","","https://www.naturalearthdata.com/about/terms-of-use/","https://www.naturalearthdata.com/downloads/10m-cultural-vectors/10m-admin-1-states-provinces/","2018-XX-XX","...","Africa","Sub-Saharan Africa","Middle Africa","Upper-middle-income Countries","...","","","","","","","","","","",""
"...","United Kingdom","GBR","2018","ADM1","London Borough (city)","naturalEarth","","?","","https://www.naturalearthdata.com/about/terms-of-use/","https://www.naturalearthdata.com/downloads/10m-cultural-vectors/10m-admin-1-states-provinces/","2018-XX-XX","...","Europe","Europe and Northern America","Northern Europe","High-income Countries","...","","","","","","","","","","",""
"...","Georgia","GEO","2018","ADM1","Autonomous Republic","naturalEarth","","?","","https://www.naturalearthdata.com/about/terms-of-use/","https://www.naturalearthdata.com/downloads/10m-cultural-vectors/10m-admin-1-states-provinces/","2018-XX-XX","...","Asia","Northern Africa and Western Asia","Western Asia","Lower-middle-income Countries","...","","","","","","","","","","",""
"...","Ghana","GHA","2018","ADM1","Region","naturalEarth","","?","","https://www.naturalearthdata.com/about/terms-of-use/","https://www.naturalearthdata.com/downloads/10m-cultural-vectors/10m-admin-1-states-provinces/","2018-XX-XX","...","Africa","Sub-Saharan Africa","Western Africa","Lower-middle-income Countries","...","","","","","","","","","","",""
"...","Gibraltar","GIB","2018","ADM1","Unkown","naturalEarth","","?","","https://www.naturalearthdata.com/about/terms-of-use/","https://www.naturalearthdata.com/downloads/10m-cultural-vectors/10m-admin-1-states-provinces/","2018-XX-XX","...","Europe","Europe and Northern America","Southern Europe","High-income Countries","...","","","","","","","","","","",""
"...","Guinea","GIN","2018","ADM1","Prefecture","naturalEarth","","?","","https://www.naturalearthdata.com/about/terms-of-use/","https://www.naturalearthdata.com/downloads/10m-cultural-vectors/10m-admin-1-states-provinces/","2018-XX-XX","...","Africa","Sub-Saharan Africa","Western Africa","Low-income Countries","...","","","","","","","","","","",""
"...","Gambia","GMB","2018","ADM1","Division","naturalEarth","","?","","https://www.naturalearthdata.com/about/terms-of-use/","https://www.naturalearthdata.com/downloads/10m-cultural-vectors/10m-admin-1-states-provinces/","2018-XX-XX","...","Africa","Sub-Saharan Africa","Western Africa","Low-income Countries","...","","","","","","","","","","",""
"...","Guinea-Bissau","GNB","2018","ADM1","Region","naturalEarth","","?","","https://www.naturalearthdata.com/about/terms-of-use/","https://www.naturalearthdata.com/downloads/10m-cultural-vectors/10m-admin-1-states-provinces/","2018-XX-XX","...","Africa","Sub-Saharan Africa","Western Africa","Low-income Countries","...","","","","","","","","","","",""
"...","Equatorial Guinea","GNQ","2018","ADM1","Province","naturalEarth","","?","","https://www.naturalearthdata.com/about/terms-of-use/","https://www.naturalearthdata.com/downloads/10m-cultural-vectors/10m-admin-1-states-provinces/","2018-XX-XX","...","Africa","Sub-Saharan Africa","Middle Africa","Upper-middle-income Countries","...","","","","","","","","","","",""
"...","Greece","GRC","2018","ADM1","Region","naturalEarth","","?","","https://www.naturalearthdata.com/about/terms-of-use/","https://www.naturalearthdata.com/downloads/10m-cultural-vectors/10m-admin-1-states-provinces/","2018-XX-XX","...","Europe","Europe and Northern America","Southern Europe","High-income Countries","...","","","","","","","","","","",""
"...","Grenada","GRD","2018","ADM1","Parish","naturalEarth","","?","","https://www.naturalearthdata.com/about/terms-of-use/","https://www.naturalearthdata.com/downloads/10m-cultural-vectors/10m-admin-1-states-provinces/","2018-XX-XX","...","Latin America and the Caribbean","Latin America and the Caribbean","Caribbean","Upper-middle-income Countries","...","","","","","","","","","","",""
"...","Greenland","GRL","2018","ADM1","Unkown","naturalEarth","","?","","https://www.naturalearthdata.com/about/terms-of-use/","https://www.naturalearthdata.com/downloads/10m-cultural-vectors/10m-admin-1-states-provinces/","2018-XX-XX","...","Northern America","Europe and Northern America","Undefined","High-income Countries","...","","","","","","","","","","",""
"...","Guatemala","GTM","2018","ADM1","Department","naturalEarth","","?","","https://www.naturalearthdata.com/about/terms-of-use/","https://www.naturalearthdata.com/downloads/10m-cultural-vectors/10m-admin-1-states-provinces/","2018-XX-XX","...","Latin America and the Caribbean","Latin America and the Caribbean","Central America","Upper-middle-income Countries","...","","","","","","","","","","",""
"...","Guam","GUM","2018","ADM1","Unkown","naturalEarth","","?","","https://www.naturalearthdata.com/about/terms-of-use/","https://www.naturalearthdata.com/downloads/10m-cultural-vectors/10m-admin-1-states-provinces/","2018-XX-XX","...","Oceania","Oceania (excluding Australia and New Zealand)","Micronesia","High-income Countries","...","","","","","","","","","","",""
"...","Guyana","GUY","2018","ADM1","Region","naturalEarth","","?","","https://www.naturalearthdata.com/about/terms-of-use/","https://www.naturalearthdata.com/downloads/10m-cultural-vectors/10m-admin-1-states-provinces/","2018-XX-XX","...","Latin America and the Caribbean","Latin America and the Caribbean","South America","Upper-middle-income Countries","...","","","","","","","","","","",""
"...","China, Hong Kong SAR","HKG","2018","ADM1","Unkown","naturalEarth","","?","","https://www.naturalearthdata.com/about/terms-of-use/","https://www.naturalearthdata.com/downloads/10m-cultural-vectors/10m-admin-1-states-provinces/","2018-XX-XX","...","Asia","Eastern and South-Eastern Asia","Eastern Asia","High-income Countries","...","","","","","","","","","","",""
"...","Honduras","HND","2018","ADM1","Department","naturalEarth","","?","","https://www.naturalearthdata.com/about/terms-of-use/","https://www.naturalearthdata.com/downloads/10m-cultural-vectors/10m-admin-1-states-provinces/","2018-XX-XX","...","Latin America and the Caribbean","Latin America and the Caribbean","Central America","Lower-middle-income Countries","...","","","","","","","","","","",""
"...","Croatia","HRV","2018","ADM1","County","naturalEarth","","?","","https://www.naturalearthdata.com/about/terms-of-use/","https://www.naturalearthdata.com/downloads/10m-cultural-vectors/10m-admin-1-states-provinces/","2018-XX-XX","...","Europe","Europe and Northern America","Southern Europe","High-income Countries","...","","","","","","","","","","",""
"...","Haiti","HTI","2018","ADM1","Department","naturalEarth","","?","","https://www.naturalearthdata.com/about/terms-of-use/","https://www.naturalearthdata.com/downloads/10m-cultural-vectors/10m-admin-1-states-provinces/","2018-XX-XX","...","Latin America and the Caribbean","Latin America and the Caribbean","Caribbean","Low-income Countries","...","","","","","","","","","","",""
"...","Hungary","HUN","2018","ADM1","County","naturalEarth","","?","","https://www.naturalearthdata.com/about/terms-of-use/","https://www.naturalearthdata.com/downloads/10m-cultural-vectors/10m-admin-1-states-provinces/","2018-XX-XX","...","Europe","Europe and Northern America","Eastern Europe","High-income Countries","...","","","","","","","","","","",""
"...","Indonesia","IDN","2018","ADM1","Province","naturalEarth","","?","","https://www.naturalearthdata.com/about/terms-of-use/","https://www.naturalearthdata.com/downloads/10m-cultural-vectors/10m-admin-1-states-provinces/","2018-XX-XX","...","Asia","Eastern and South-Eastern Asia","South-Eastern Asia","Lower-middle-income Countries","...","","","","","","","","","","",""
"...","Isle of Man","IMN","2018","ADM1","Unkown","naturalEarth","","?","","https://www.naturalearthdata.com/about/terms-of-use/","https://www.naturalearthdata.com/downloads/10m-cultural-vectors/10m-admin-1-states-provinces/","2018-XX-XX","...","Europe","Europe and Northern America","Northern Europe","High-income Countries","...","","","","","","","","","","",""
"...","India","IND","2018","ADM1","Unkown","naturalEarth","","?","","https://www.naturalearthdata.com/about/terms-of-use/","https://www.naturalearthdata.com/downloads/10m-cultural-vectors/10m-admin-1-states-provinces/","2018-XX-XX","...","Asia","Central and Southern Asia","Southern Asia","Lower-middle-income Countries","...","","","","","","","","","","",""
"...","Ireland","IRL","2018","ADM1","County","naturalEarth","","?","","https://www.naturalearthdata.com/about/terms-of-use/","https://www.naturalearthdata.com/downloads/10m-cultural-vectors/10m-admin-1-states-provinces/","2018-XX-XX","...","Europe","Europe and Northern America","Northern Europe","High-income Countries","...","","","","","","","","","","",""
"...","Iran (Islamic Republic of)","IRN","2018","ADM1","Province","naturalEarth","","?","","https://www.naturalearthdata.com/about/terms-of-use/","https://www.naturalearthdata.com/downloads/10m-cultural-vectors/10m-admin-1-states-provinces/","2018-XX-XX","...","Asia","Central and Southern Asia","Southern Asia","Upper-middle-income Countries","...","","","","","","","","","","",""
"...","Iraq","IRQ","2018","ADM1","Province","naturalEarth","","?","","https://www.naturalearthdata.com/about/terms-of-use/","https://www.naturalearthdata.com/downloads/10m-cultural-vectors/10m-admin-1-states-provinces/","2018-XX-XX","...","Asia","Northern Africa and Western Asia","Western Asia","Upper-middle-income Countries","...","","","","","","","","","","",""
"...","Iceland","ISL","2018","ADM1","Region","naturalEarth","","?","","https://www.naturalearthdata.com/about/terms-of-use/","https://www.naturalearthdata.com/downloads/10m-cultural-vectors/10m-admin-1-states-provinces/","2018-XX-XX","...","Europe","Europe and Northern America","Northern Europe","High-income Countries","...","","","","","","","","","","",""
"...","Israel","ISR","2018","ADM1","District","naturalEarth","","?","","https://www.naturalearthdata.com/about/terms-of-use/","https://www.naturalearthdata.com/downloads/10m-cultural-vectors/10m-admin-1-states-provinces/","2018-XX-XX","...","Asia","Northern Africa and Western Asia","Western Asia","High-income Countries","...","","","","","","","","","","",""
"...","Italy","ITA","2018","ADM1","Province","naturalEarth","","?","","https://www.naturalearthdata.com/about/terms-of-use/","https://www.naturalearthdata.com/downloads/10m-cultural-vectors/10m-admin-1-states-provinces/","2018-XX-XX","...","Europe","Europe and Northern America","Southern Europe","High-income Countries","...","","","","","","","","","","",""
"...","Jamaica","JAM","2018","ADM1","Parish","naturalEarth","","?","","https://www.naturalearthdata.com/about/terms-of-use/","https://www.naturalearthdata.com/downloads/10m-cultural-vectors/10m-admin-1-states-provinces/","2018-XX-XX","...","Latin America and the Caribbean","Latin America and the Caribbean","Caribbean","Upper-middle-income Countries","...","","","","","","","","","","",""
"...","Jordan","JOR","2018","ADM1","Province","naturalEarth","","?","","https://www.naturalearthdata.com/about/terms-of-use/","https://www.naturalearthdata.com/downloads/10m-cultural-vectors/10m-admin-1-states-provinces/","2018-XX-XX","...","Asia","Northern Africa and Western Asia","Western Asia","Upper-middle-income Countries","...","","","","","","","","","","",""
"...","Japan","JPN","2018","ADM1","Prefecture","naturalEarth","","?","","https://www.naturalearthdata.com/about/terms-of-use/","https://www.naturalearthdata.com/downloads/10m-cultural-vectors/10m-admin-1-states-provinces/","2018-XX-XX","...","Asia","Eastern and South-Eastern Asia","Eastern Asia","High-income Countries","...","","","","","","","","","","",""
"...","Kazakhstan","KAZ","2018","ADM1","Region","naturalEarth","","?","","https://www.naturalearthdata.com/about/terms-of-use/","https://www.naturalearthdata.com/downloads/10m-cultural-vectors/10m-admin-1-states-provinces/","2018-XX-XX","...","Asia","Central and Southern Asia","Central Asia","Upper-middle-income Countries","...","","","","","","","","","","",""
"...","Kenya","KEN","2018","ADM1","Province","naturalEarth","","?","","https://www.naturalearthdata.com/about/terms-of-use/","https://www.naturalearthdata.com/downloads/10m-cultural-vectors/10m-admin-1-states-provinces/","2018-XX-XX","...","Africa","Sub-Saharan Africa","Eastern Africa","Lower-middle-income Countries","...","","","","","","","","","","",""
"...","Kyrgyzstan","KGZ","2018","ADM1","Region","naturalEarth","","?","","https://www.naturalearthdata.com/about/terms-of-use/","https://www.naturalearthdata.com/downloads/10m-cultural-vectors/10m-admin-1-states-provinces/","2018-XX-XX","...","Asia","Central and Southern Asia","Central Asia","Lower-middle-income Countries","...","","","","","","","","","","",""
"...","Cambodia","KHM","2018","ADM1","Province","naturalEarth","","?","","https://www.naturalearthdata.com/about/terms-of-use/","https://www.naturalearthdata.com/downloads/10m-cultural-vectors/10m-admin-1-states-provinces/","2018-XX-XX","...","Asia","Eastern and South-Eastern Asia","South-Eastern Asia","Lower-middle-income Countries","...","","","","","","","","","","",""
"...","Kiribati","KIR","2018","ADM1","Unkown","naturalEarth","","?","","https://www.naturalearthdata.com/about/terms-of-use/","https://www.naturalearthdata.com/downloads/10m-cultural-vectors/10m-admin-1-states-provinces/","2018-XX-XX","...","Oceania","Oceania (excluding Australia and New Zealand)","Micronesia","Lower-middle-income Countries","...","","","","","","","","","","",""
"...","Saint Kitts and Nevis","KNA","2018","ADM1","Parish","naturalEarth","","?","","https://www.naturalearthdata.com/about/terms-of-use/","https://www.naturalearthdata.com/downloads/10m-cultural-vectors/10m-admin-1-states-provinces/","2018-XX-XX","...","Latin America and the Caribbean","Latin America and the Caribbean","Caribbean","High-income Countries","...","","","","","","","","","","",""
"...","Republic of Korea","KOR","2018","ADM1","Province","naturalEarth","","?","","https://www.naturalearthdata.com/about/terms-of-use/","https://www.naturalearthdata.com/downloads/10m-cultural-vectors/10m-admin-1-states-provinces/","2018-XX-XX","...","Asia","Eastern and South-Eastern Asia","Eastern Asia","High-income Countries","...","","","","","","","","","","",""
"...","Kuwait","KWT","2018","ADM1","Province","naturalEarth","","?","","https://www.naturalearthdata.com/about/terms-of-use/","https://www.naturalearthdata.com/downloads/10m-cultural-vectors/10m-admin-1-states-provinces/","2018-XX-XX","...","Asia","Northern Africa and Western Asia","Western Asia","High-income Countries","...","","","","","","","","","","",""
"...","Lao People's Democratic Republic","LAO","2018","ADM1","Province","naturalEarth","","?","","https://www.naturalearthdata.com/about/terms-of-use/","https://www.naturalearthdata.com/downloads/10m-cultural-vectors/10m-admin-1-states-provinces/","2018-XX-XX","...","Asia","Eastern and South-Eastern Asia","South-Eastern Asia","Lower-middle-income Countries","...","","","","","","","","","","",""
"...","Lebanon","LBN","2018","ADM1","Province","naturalEarth","","?","","https://www.naturalearthdata.com/about/terms-of-use/","https://www.naturalearthdata.com/downloads/10m-cultural-vectors/10m-admin-1-states-provinces/","2018-XX-XX","...","Asia","Northern Africa and Western Asia","Western Asia","Upper-middle-income Countries","...","","","","","","","","","","",""
"...","Liberia","LBR","2018","ADM1","County","naturalEarth","","?","","https://www.naturalearthdata.com/about/terms-of-use/","https://www.naturalearthdata.com/downloads/10m-cultural-vectors/10m-admin-1-states-provinces/","2018-XX-XX","...","Africa","Sub-Saharan Africa","Western Africa","Low-income Countries","...","","","","","","","","","","",""
"...","Libya","LBY","2018","ADM1","Municipality|Governarate","naturalEarth","","?","","https://www.naturalearthdata.com/about/terms-of-use/","https://www.naturalearthdata.com/downloads/10m-cultural-vectors/10m-admin-1-states-provinces/","2018-XX-XX","...","Africa","Northern Africa and Western Asia","Northern Africa","Upper-middle-income Countries","...","","","","","","","","","","",""
"...","Saint Lucia","LCA","2018","ADM1","Quarter","naturalEarth","","?","","https://www.naturalearthdata.com/about/terms-of-use/","https://www.naturalearthdata.com/downloads/10m-cultural-vectors/10m-admin-1-states-provinces/","2018-XX-XX","...","Latin America and the Caribbean","Latin America and the Caribbean","Caribbean","Upper-middle-income Countries","...","","","","","","","","","","",""
"...","Liechtenstein","LIE","2018","ADM1","Unkown","naturalEarth","","?","","https://www.naturalearthdata.com/about/terms-of-use/","https://www.naturalearthdata.com/downloads/10m-cultural-vectors/10m-admin-1-states-provinces/","2018-XX-XX","...","Europe","Europe and Northern America","Western Europe","High-income Countries","...","","","","","","","","","","",""
"...","Sri Lanka","LKA","2018","ADM1","District","naturalEarth","","?","","https://www.naturalearthdata.com/about/terms-of-use/","https://www.naturalearthdata.com/downloads/10m-cultural-vectors/10m-admin-1-states-provinces/","2018-XX-XX","...","Asia","Central and Southern Asia","Southern Asia","Lower-middle-income Countries","...","","","","","","","","","","",""
"...","Lesotho","LSO","2018","ADM1","District","naturalEarth","","?","","https://www.naturalearthdata.com/about/terms-of-use/","https://www.naturalearthdata.com/downloads/10m-cultural-vectors/10m-admin-1-states-provinces/","2018-XX-XX","...","Africa","Sub-Saharan Africa","Southern Africa","Lower-middle-income Countries","...","","","","","","","","","","",""
"...","Lithuania","LTU","2018","ADM1","County","naturalEarth","","?","","https://www.naturalearthdata.com/about/terms-of-use/","https://www.naturalearthdata.com/downloads/10m-cultural-vectors/10m-admin-1-states-provinces/","2018-XX-XX","...","Europe","Europe and Northern America","Northern Europe","High-income Countries","...","","","","","","","","","","",""
"...","Luxembourg","LUX","2018","ADM1","District","naturalEarth","","?","","https://www.naturalearthdata.com/about/terms-of-use/","https://www.naturalearthdata.com/downloads/10m-cultural-vectors/10m-admin-1-states-provinces/","2018-XX-XX","...","Europe","Europe and Northern America","Western Europe","High-income Countries","...","","","","","","","","","","",""
"...","Latvia","LVA","2018","ADM1","Municipality","naturalEarth","","?","","https://www.naturalearthdata.com/about/terms-of-use/","https://www.naturalearthdata.com/downloads/10m-cultural-vectors/10m-admin-1-states-provinces/","2018-XX-XX","...","Europe","Europe and Northern America","Northern Europe","High-income Countries","...","","","","","","","","","","",""
"...","China, Macao SAR","MAC","2018","ADM1","Unkown","naturalEarth","","?","","https://www.naturalearthdata.com/about/terms-of-use/","https://www.naturalearthdata.com/downloads/10m-cultural-vectors/10m-admin-1-states-provinces/","2018-XX-XX","...","Asia","Eastern and South-Eastern Asia","Eastern Asia","High-income Countries","...","","","","","","","","","","",""
"...","Saint Martin (French part)","MAF","2018","ADM1","Unkown","naturalEarth","","?","","https://www.naturalearthdata.com/about/terms-of-use/","https://www.naturalearthdata.com/downloads/10m-cultural-vectors/10m-admin-1-states-provinces/","2018-XX-XX","...","Latin America and the Caribbean","Latin America and the Caribbean","Caribbean","High-income Countries","...","","","","","","","","","","",""
"...","Morocco","MAR","2018","ADM1","Region","naturalEarth","","?","","https://www.naturalearthdata.com/about/terms-of-use/","https://www.naturalearthdata.com/downloads/10m-cultural-vectors/10m-admin-1-states-provinces/","2018-XX-XX","...","Africa","Northern Africa and Western Asia","Northern Africa","Lower-middle-income Countries","...","","","","","","","","","","",""
"...","Monaco","MCO","2018","ADM1","Unkown","naturalEarth","","?","","https://www.naturalearthdata.com/about/terms-of-use/","https://www.naturalearthdata.com/downloads/10m-cultural-vectors/10m-admin-1-states-provinces/","2018-XX-XX","...","Europe","Europe and Northern America","Western Europe","High-income Countries","...","","","","","","","","","","",""
"...","Republic of Moldova","MDA","2018","ADM1","District","naturalEarth","","?","","https://www.naturalearthdata.com/about/terms-of-use/","https://www.naturalearthdata.com/downloads/10m-cultural-vectors/10m-admin-1-states-provinces/","2018-XX-XX","...","Europe","Europe and Northern America","Eastern Europe","Lower-middle-income Countries","...","","","","","","","","","","",""
"...","Madagascar","MDG","2018","ADM1","Autonomous Province","naturalEarth","","?","","https://www.naturalearthdata.com/about/terms-of-use/","https://www.naturalearthdata.com/downloads/10m-cultural-vectors/10m-admin-1-states-provinces/","2018-XX-XX","...","Africa","Sub-Saharan Africa","Eastern Africa","Low-income Countries","...","","","","","","","","","","",""
"...","Maldives","MDV","2018","ADM1","City","naturalEarth","","?","","https://www.naturalearthdata.com/about/terms-of-use/","https://www.naturalearthdata.com/downloads/10m-cultural-vectors/10m-admin-1-states-provinces/","2018-XX-XX","...","Asia","Central and Southern Asia","Southern Asia","Upper-middle-income Countries","...","","","","","","","","","","",""
"...","Mexico","MEX","2018","ADM1","State","naturalEarth","","?","","https://www.naturalearthdata.com/about/terms-of-use/","https://www.naturalearthdata.com/downloads/10m-cultural-vectors/10m-admin-1-states-provinces/","2018-XX-XX","...","Latin America and the Caribbean","Latin America and the Caribbean","Central America","Upper-middle-income Countries","...","","","","","","","","","","",""
"...","Marshall Islands","MHL","2018","ADM1","Unkown","naturalEarth","","?","","https://www.naturalearthdata.com/about/terms-of-use/","https://www.naturalearthdata.com/downloads/10m-cultural-vectors/10m-admin-1-states-provinces/","2018-XX-XX","...","Oceania","Oceania (excluding Australia and New Zealand)","Micronesia","Upper-middle-income Countries","...","","","","","","","","","","",""
"...","North Macedonia","MKD","2018","ADM1","Statistical Region","naturalEarth","","?","","https://www.naturalearthdata.com/about/terms-of-use/","https://www.naturalearthdata.com/downloads/10m-cultural-vectors/10m-admin-1-states-provinces/","2018-XX-XX","...","Europe","Europe and Northern America","Southern Europe","Upper-middle-income Countries","...","","","","","","","","","","",""
"...","Mali","MLI","2018","ADM1","Region","naturalEarth","","?","","https://www.naturalearthdata.com/about/terms-of-use/","https://www.naturalearthdata.com/downloads/10m-cultural-vectors/10m-admin-1-states-provinces/","2018-XX-XX","...","Africa","Sub-Saharan Africa","Western Africa","Low-income Countries","...","","","","","","","","","","",""
"...","Malta","MLT","2018","ADM1","Unkown","naturalEarth","","?","","https://www.naturalearthdata.com/about/terms-of-use/","https://www.naturalearthdata.com/downloads/10m-cultural-vectors/10m-admin-1-states-provinces/","2018-XX-XX","...","Europe","Europe and Northern America","Southern Europe","High-income Countries","...","","","","","","","","","","",""
"...","Myanmar","MMR","2018","ADM1","State","naturalEarth","","?","","https://www.naturalearthdata.com/about/terms-of-use/","https://www.naturalearthdata.com/downloads/10m-cultural-vectors/10m-admin-1-states-provinces/","2018-XX-XX","...","Asia","Eastern and South-Eastern Asia","South-Eastern Asia","Lower-middle-income Countries","...","","","","","","","","","","",""
"...","Montenegro","MNE","2018","ADM1","Municipality","naturalEarth","","?","","https://www.naturalearthdata.com/about/terms-of-use/","https://www.naturalearthdata.com/downloads/10m-cultural-vectors/10m-admin-1-states-provinces/","2018-XX-XX","...","Europe","Europe and Northern America","Southern Europe","Upper-middle-income Countries","...","","","","","","","","","","",""
"...","Mongolia","MNG","2018","ADM1","Province","naturalEarth","","?","","https://www.naturalearthdata.com/about/terms-of-use/","https://www.naturalearthdata.com/downloads/10m-cultural-vectors/10m-admin-1-states-provinces/","2018-XX-XX","...","Asia","Eastern and South-Eastern Asia","Eastern Asia","Lower-middle-income Countries","...","","","","","","","","","","",""
"...","Northern Mariana Islands","MNP","2018","ADM1","Unkown","naturalEarth","","?","","https://www.naturalearthdata.com/about/terms-of-use/","https://www.naturalearthdata.com/downloads/10m-cultural-vectors/10m-admin-1-states-provinces/","2018-XX-XX","...","Oceania","Oceania (excluding Australia and New Zealand)","Micronesia","High-income Countries","...","","","","","","","","","","",""
"...","Mozambique","MOZ","2018","ADM1","Province","naturalEarth","","?","","https://www.naturalearthdata.com/about/terms-of-use/","https://www.naturalearthdata.com/downloads/10m-cultural-vectors/10m-admin-1-states-provinces/","2018-XX-XX","...","Africa","Sub-Saharan Africa","Eastern Africa","Low-income Countries","...","","","","","","","","","","",""
"...","Mauritania","MRT","2018","ADM1","Region","naturalEarth","","?","","https://www.naturalearthdata.com/about/terms-of-use/","https://www.naturalearthdata.com/downloads/10m-cultural-vectors/10m-admin-1-states-provinces/","2018-XX-XX","...","Africa","Sub-Saharan Africa","Western Africa","Lower-middle-income Countries","...","","","","","","","","","","",""
"...","Montserrat","MSR","2018","ADM1","Parish","naturalEarth","","?","","https://www.naturalearthdata.com/about/terms-of-use/","https://www.naturalearthdata.com/downloads/10m-cultural-vectors/10m-admin-1-states-provinces/","2018-XX-XX","...","Latin America and the Caribbean","Latin America and the Caribbean","Caribbean","No income group available","...","","","","","","","","","","",""
"...","Mauritius","MUS","2018","ADM1","District","naturalEarth","","?","","https://www.naturalearthdata.com/about/terms-of-use/","https://www.naturalearthdata.com/downloads/10m-cultural-vectors/10m-admin-1-states-provinces/","2018-XX-XX","...","Africa","Sub-Saharan Africa","Eastern Africa","Upper-middle-income Countries","...","","","","","","","","","","",""
"...","Malawi","MWI","2018","ADM1","District","naturalEarth","","?","","https://www.naturalearthdata.com/about/terms-of-use/","https://www.naturalearthdata.com/downloads/10m-cultural-vectors/10m-admin-1-states-provinces/","2018-XX-XX","...","Africa","Sub-Saharan Africa","Eastern Africa","Low-income Countries","...","","","","","","","","","","",""
"...","Malaysia","MYS","2018","ADM1","State","naturalEarth","","?","","https://www.naturalearthdata.com/about/terms-of-use/","https://www.naturalearthdata.com/downloads/10m-cultural-vectors/10m-admin-1-states-provinces/","2018-XX-XX","...","Asia","Eastern and South-Eastern Asia","South-Eastern Asia","Upper-middle-income Countries","...","","","","","","","","","","",""
"...","Namibia","NAM","2018","ADM1","Region","naturalEarth","","?","","https://www.naturalearthdata.com/about/terms-of-use/","https://www.naturalearthdata.com/downloads/10m-cultural-vectors/10m-admin-1-states-provinces/","2018-XX-XX","...","Africa","Sub-Saharan Africa","Southern Africa","Upper-middle-income Countries","...","","","","","","","","","","",""
"...","New Caledonia","NCL","2018","ADM1","Province","naturalEarth","","?","","https://www.naturalearthdata.com/about/terms-of-use/","https://www.naturalearthdata.com/downloads/10m-cultural-vectors/10m-admin-1-states-provinces/","2018-XX-XX","...","Oceania","Oceania (excluding Australia and New Zealand)","Melanesia","High-income Countries","...","","","","","","","","","","",""
"...","Niger","NER","2018","ADM1","Department","naturalEarth","","?","","https://www.naturalearthdata.com/about/terms-of-use/","https://www.naturalearthdata.com/downloads/10m-cultural-vectors/10m-admin-1-states-provinces/","2018-XX-XX","...","Africa","Sub-Saharan Africa","Western Africa","Low-income Countries","...","","","","","","","","","","",""
"...","Nigeria","NGA","2018","ADM1","State","naturalEarth","","?","","https://www.naturalearthdata.com/about/terms-of-use/","https://www.naturalearthdata.com/downloads/10m-cultural-vectors/10m-admin-1-states-provinces/","2018-XX-XX","...","Africa","Sub-Saharan Africa","Western Africa","Lower-middle-income Countries","...","","","","","","","","","","",""
"...","Nicaragua","NIC","2018","ADM1","Department","naturalEarth","","?","","https://www.naturalearthdata.com/about/terms-of-use/","https://www.naturalearthdata.com/downloads/10m-cultural-vectors/10m-admin-1-states-provinces/","2018-XX-XX","...","Latin America and the Caribbean","Latin America and the Caribbean","Central America","Lower-middle-income Countries","...","","","","","","","","","","",""
"...","Niue","NIU","2018","ADM1","Unkown","naturalEarth","","?","","https://www.naturalearthdata.com/about/terms-of-use/","https://www.naturalearthdata.com/downloads/10m-cultural-vectors/10m-admin-1-states-provinces/","2018-XX-XX","...","Oceania","Oceania (excluding Australia and New Zealand)","Polynesia","No income group available","...","","","","","","","","","","",""
"...","Netherlands","NLD","2018","ADM1","Province","naturalEarth","","?","","https://www.naturalearthdata.com/about/terms-of-use/","https://www.naturalearthdata.com/downloads/10m-cultural-vectors/10m-admin-1-states-provinces/","2018-XX-XX","...","Europe","Europe and Northern America","Western Europe","High-income Countries","...","","","","","","","","","","",""
"...","Norway","NOR","2018","ADM1","County","naturalEarth","","?","","https://www.naturalearthdata.com/about/terms-of-use/","https://www.naturalearthdata.com/downloads/10m-cultural-vectors/10m-admin-1-states-provinces/","2018-XX-XX","...","Europe","Europe and Northern America","Northern Europe","High-income Countries","...","","","","","","","","","","",""
"...","Nepal","NPL","2018","ADM1","Administrative Zone","naturalEarth","","?","","https://www.naturalearthdata.com/about/terms-of-use/","https://www.naturalearthdata.com/downloads/10m-cultural-vectors/10m-admin-1-states-provinces/","2018-XX-XX","...","Asia","Central and Southern Asia","Southern Asia","Low-income Countries","...","","","","","","","","","","",""
"...","Nauru","NRU","2018","ADM1","Unkown","naturalEarth","","?","","https://www.naturalearthdata.com/about/terms-of-use/","https://www.naturalearthdata.com/downloads/10m-cultural-vectors/10m-admin-1-states-provinces/","2018-XX-XX","...","Oceania","Oceania (excluding Australia and New Zealand)","Micronesia","Upper-middle-income Countries","...","","","","","","","","","","",""
"...","New Zealand","NZL","2018","ADM1","Unkown","naturalEarth","","?","","https://www.naturalearthdata.com/about/terms-of-use/","https://www.naturalearthdata.com/downloads/10m-cultural-vectors/10m-admin-1-states-provinces/","2018-XX-XX","...","Oceania","Australia/New Zealand","Australia/New Zealand","High-income Countries","...","","","","","","","","","","",""
"...","Oman","OMN","2018","ADM1","Province","naturalEarth","","?","","https://www.naturalearthdata.com/about/terms-of-use/","https://www.naturalearthdata.com/downloads/10m-cultural-vectors/10m-admin-1-states-provinces/","2018-XX-XX","...","Asia","Northern Africa and Western Asia","Western Asia","High-income Countries","...","","","","","","","","","","",""
"...","Pakistan","PAK","2018","ADM1","Province","naturalEarth","","?","","https://www.naturalearthdata.com/about/terms-of-use/","https://www.naturalearthdata.com/downloads/10m-cultural-vectors/10m-admin-1-states-provinces/","2018-XX-XX","...","Asia","Central and Southern Asia","Southern Asia","Lower-middle-income Countries","...","","","","","","","","","","",""
"...","Panama","PAN","2018","ADM1","Province","naturalEarth","","?","","https://www.naturalearthdata.com/about/terms-of-use/","https://www.naturalearthdata.com/downloads/10m-cultural-vectors/10m-admin-1-states-provinces/","2018-XX-XX","...","Latin America and the Caribbean","Latin America and the Caribbean","Central America","High-income Countries","...","","","","","","","","","","",""
"...","Peru","PER","2018","ADM1","Department","naturalEarth","","?","","https://www.naturalearthdata.com/about/terms-of-use/","https://www.naturalearthdata.com/downloads/10m-cultural-vectors/10m-admin-1-states-provinces/","2018-XX-XX","...","Latin America and the Caribbean","Latin America and the Caribbean","South America","Upper-middle-income Countries","...","","","","","","","","","","",""
"...","Philippines","PHL","2018","ADM1","Province","naturalEarth","","?","","https://www.naturalearthdata.com/about/terms-of-use/","https://www.naturalearthdata.com/downloads/10m-cultural-vectors/10m-admin-1-states-provinces/","2018-XX-XX","...","Asia","Eastern and South-Eastern Asia","South-Eastern Asia","Lower-middle-income Countries","...","","","","","","","","","","",""
"...","Palau","PLW","2018","ADM1","Unkown","naturalEarth","","?","","https://www.naturalearthdata.com/about/terms-of-use/","https://www.naturalearthdata.com/downloads/10m-cultural-vectors/10m-admin-1-states-provinces/","2018-XX-XX","...","Oceania","Oceania (excluding Australia and New Zealand)","Micronesia","High-income Countries","...","","","","","","","","","","",""
"...","Papua New Guinea","PNG","2018","ADM1","Province","naturalEarth","","?","","https://www.naturalearthdata.com/about/terms-of-use/","https://www.naturalearthdata.com/downloads/10m-cultural-vectors/10m-admin-1-states-provinces/","2018-XX-XX","...","Oceania","Oceania (excluding Australia and New Zealand)","Melanesia","Lower-middle-income Countries","...","","","","","","","","","","",""
"...","Poland","POL","2018","ADM1","Voivodeship|Province","naturalEarth","","?","","https://www.naturalearthdata.com/about/terms-of-use/","https://www.naturalearthdata.com/downloads/10m-cultural-vectors/10m-admin-1-states-provinces/","2018-XX-XX","...","Europe","Europe and Northern America","Eastern Europe","High-income Countries","...","","","","","","","","","","",""
"...","Puerto Rico","PRI","2018","ADM1","Unkown","naturalEarth","","?","","https://www.naturalearthdata.com/about/terms-of-use/","https://www.naturalearthdata.com/downloads/10m-cultural-vectors/10m-admin-1-states-provinces/","2018-XX-XX","...","Latin America and the Caribbean","Latin America and the Caribbean","Caribbean","High-income Countries","...","","","","","","","","","","",""
"...","Dem. People's Republic of Korea","PRK","2018","ADM1","Province","naturalEarth","","?","","https://www.naturalearthdata.com/about/terms-of-use/","https://www.naturalearthdata.com/downloads/10m-cultural-vectors/10m-admin-1-states-provinces/","2018-XX-XX","...","Asia","Eastern and South-Eastern Asia","Eastern Asia","Low-income Countries","...","","","","","","","","","","",""
"...","Portugal","PRT","2018","ADM1","District","naturalEarth","","?","","https://www.naturalearthdata.com/about/terms-of-use/","https://www.naturalearthdata.com/downloads/10m-cultural-vectors/10m-admin-1-states-provinces/","2018-XX-XX","...","Europe","Europe and Northern America","Southern Europe","High-income Countries","...","","","","","","","","","","",""
"...","Paraguay","PRY","2018","ADM1","Department","naturalEarth","","?","","https://www.naturalearthdata.com/about/terms-of-use/","https://www.naturalearthdata.com/downloads/10m-cultural-vectors/10m-admin-1-states-provinces/","2018-XX-XX","...","Latin America and the Caribbean","Latin America and the Caribbean","South America","Upper-middle-income Countries","...","","","","","","","","","","",""
"...","French Polynesia","PYF","2018","ADM1","Unkown","naturalEarth","","?","","https://www.naturalearthdata.com/about/terms-of-use/","https://www.naturalearthdata.com/downloads/10m-cultural-vectors/10m-admin-1-states-provinces/","2018-XX-XX","...","Oceania","Oceania (excluding Australia and New Zealand)","Polynesia","High-income Countries","...","","","","","","","","","","",""
"...","Qatar","QAT","2018","ADM1","Municipality","naturalEarth","","?","","https://www.naturalearthdata.com/about/terms-of-use/","https://www.naturalearthdata.com/downloads/10m-cultural-vectors/10m-admin-1-states-provinces/","2018-XX-XX","...","Asia","Northern Africa and Western Asia","Western Asia","High-income Countries","...","","","","","","","","","","",""
"...","Romania","ROU","2018","ADM1","County","naturalEarth","","?","","https://www.naturalearthdata.com/about/terms-of-use/","https://www.naturalearthdata.com/downloads/10m-cultural-vectors/10m-admin-1-states-provinces/","2018-XX-XX","...","Europe","Europe and Northern America","Eastern Europe","Upper-middle-income Countries","...","","","","","","","","","","",""
"...","Russian Federation","RUS","2018","ADM1","Republic","naturalEarth","","?","","https://www.naturalearthdata.com/about/terms-of-use/","https://www.naturalearthdata.com/downloads/10m-cultural-vectors/10m-admin-1-states-provinces/","2018-XX-XX","...","Europe","Europe and Northern America","Eastern Europe","Upper-middle-income Countries","...","","","","","","","","","","",""
"...","Rwanda","RWA","2018","ADM1","Province","naturalEarth","","?","","https://www.naturalearthdata.com/about/terms-of-use/","https://www.naturalearthdata.com/downloads/10m-cultural-vectors/10m-admin-1-states-provinces/","2018-XX-XX","...","Africa","Sub-Saharan Africa","Eastern Africa","Low-income Countries","...","","","","","","","","","","",""
"...","Saudi Arabia","SAU","2018","ADM1","Region","naturalEarth","","?","","https://www.naturalearthdata.com/about/terms-of-use/","https://www.naturalearthdata.com/downloads/10m-cultural-vectors/10m-admin-1-states-provinces/","2018-XX-XX","...","Asia","Northern Africa and Western Asia","Western Asia","High-income Countries","...","","","","","","","","","","",""
"...","Sudan","SDN","2018","ADM1","State","naturalEarth","","?","","https://www.naturalearthdata.com/about/terms-of-use/","https://www.naturalearthdata.com/downloads/10m-cultural-vectors/10m-admin-1-states-provinces/","2018-XX-XX","...","Africa","Northern Africa and Western Asia","Northern Africa","Lower-middle-income Countries","...","","","","","","","","","","",""
"...","Senegal","SEN","2018","ADM1","Region","naturalEarth","","?","","https://www.naturalearthdata.com/about/terms-of-use/","https://www.naturalearthdata.com/downloads/10m-cultural-vectors/10m-admin-1-states-provinces/","2018-XX-XX","...","Africa","Sub-Saharan Africa","Western Africa","Low-income Countries","...","","","","","","","","","","",""
"...","Singapore","SGP","2018","ADM1","Unkown","naturalEarth","","?","","https://www.naturalearthdata.com/about/terms-of-use/","https://www.naturalearthdata.com/downloads/10m-cultural-vectors/10m-admin-1-states-provinces/","2018-XX-XX","...","Asia","Eastern and South-Eastern Asia","South-Eastern Asia","High-income Countries","...","","","","","","","","","","",""
"...","Saint Helena","SHN","2018","ADM1","Unkown","naturalEarth","","?","","https://www.naturalearthdata.com/about/terms-of-use/","https://www.naturalearthdata.com/downloads/10m-cultural-vectors/10m-admin-1-states-provinces/","2018-XX-XX","...","Africa","Sub-Saharan Africa","Western Africa","No income group available","...","","","","","","","","","","",""
"...","Solomon Islands","SLB","2018","ADM1","Province","naturalEarth","","?","","https://www.naturalearthdata.com/about/terms-of-use/","https://www.naturalearthdata.com/downloads/10m-cultural-vectors/10m-admin-1-states-provinces/","2018-XX-XX","...","Oceania","Oceania (excluding Australia and New Zealand)","Melanesia","Lower-middle-income Countries","...","","","","","","","","","","",""
"...","Sierra Leone","SLE","2018","ADM1","Province","naturalEarth","","?","","https://www.naturalearthdata.com/about/terms-of-use/","https://www.naturalearthdata.com/downloads/10m-cultural-vectors/10m-admin-1-states-provinces/","2018-XX-XX","...","Africa","Sub-Saharan Africa","Western Africa","Low-income Countries","...","","","","","","","","","","",""
"...","El Salvador","SLV","2018","ADM1","Department","naturalEarth","","?","","https://www.naturalearthdata.com/about/terms-of-use/","https://www.naturalearthdata.com/downloads/10m-cultural-vectors/10m-admin-1-states-provinces/","2018-XX-XX","...","Latin America and the Caribbean","Latin America and the Caribbean","Central America","Lower-middle-income Countries","...","","","","","","","","","","",""
"...","San Marino","SMR","2018","ADM1","Unkown","naturalEarth","","?","","https://www.naturalearthdata.com/about/terms-of-use/","https://www.naturalearthdata.com/downloads/10m-cultural-vectors/10m-admin-1-states-provinces/","2018-XX-XX","...","Europe","Europe and Northern America","Southern Europe","High-income Countries","...","","","","","","","","","","",""
"...","Somalia","SOM","2018","ADM1","Region","naturalEarth","","?","","https://www.naturalearthdata.com/about/terms-of-use/","https://www.naturalearthdata.com/downloads/10m-cultural-vectors/10m-admin-1-states-provinces/","2018-XX-XX","...","Africa","Sub-Saharan Africa","Eastern Africa","Low-income Countries","...","","","","","","","","","","",""
"...","Saint Pierre and Miquelon","SPM","2018","ADM1","Commune","naturalEarth","","?","","https://www.naturalearthdata.com/about/terms-of-use/","https://www.naturalearthdata.com/downloads/10m-cultural-vectors/10m-admin-1-states-provinces/","2018-XX-XX","...","Northern America","Europe and Northern America","Undefined","No income group available","...","","","","","","","","","","",""
"...","Serbia","SRB","2018","ADM1","District","naturalEarth","","?","","https://www.naturalearthdata.com/about/terms-of-use/","https://www.naturalearthdata.com/downloads/10m-cultural-vectors/10m-admin-1-states-provinces/","2018-XX-XX","...","Europe","Europe and Northern America","Southern Europe","Upper-middle-income Countries","...","","","","","","","","","","",""
"...","Sao Tome and Principe","STP","2018","ADM1","Unkown","naturalEarth","","?","","https://www.naturalearthdata.com/about/terms-of-use/","https://www.naturalearthdata.com/downloads/10m-cultural-vectors/10m-admin-1-states-provinces/","2018-XX-XX","...","Africa","Sub-Saharan Africa","Middle Africa","Lower-middle-income Countries","...","","","","","","","","","","",""
"...","Suriname","SUR","2018","ADM1","District","naturalEarth","","?","","https://www.naturalearthdata.com/about/terms-of-use/","https://www.naturalearthdata.com/downloads/10m-cultural-vectors/10m-admin-1-states-provinces/","2018-XX-XX","...","Latin America and the Caribbean","Latin America and the Caribbean","South America","Upper-middle-income Countries","...","","","","","","","","","","",""
"...","Slovakia","SVK","2018","ADM1","Region","naturalEarth","","?","","https://www.naturalearthdata.com/about/terms-of-use/","https://www.naturalearthdata.com/downloads/10m-cultural-vectors/10m-admin-1-states-provinces/","2018-XX-XX","...","Europe","Europe and Northern America","Eastern Europe","High-income Countries","...","","","","","","","","","","",""
"...","Slovenia","SVN","2018","ADM1","Commune|Municipality","naturalEarth","","?","","https://www.naturalearthdata.com/about/terms-of-use/","https://www.naturalearthdata.com/downloads/10m-cultural-vectors/10m-admin-1-states-provinces/","2018-XX-XX","...","Europe","Europe and Northern America","Southern Europe","High-income Countries","...","","","","","","","","","","",""
"...","Sweden","SWE","2018","ADM1","County","naturalEarth","","?","","https://www.naturalearthdata.com/about/terms-of-use/","https://www.naturalearthdata.com/downloads/10m-cultural-vectors/10m-admin-1-states-provinces/","2018-XX-XX","...","Europe","Europe and Northern America","Northern Europe","High-income Countries","...","","","","","","","","","","",""
"...","Eswatini","SWZ","2018","ADM1","District","naturalEarth","","?","","https://www.naturalearthdata.com/about/terms-of-use/","https://www.naturalearthdata.com/downloads/10m-cultural-vectors/10m-admin-1-states-provinces/","2018-XX-XX","...","Africa","Sub-Saharan Africa","Southern Africa","Lower-middle-income Countries","...","","","","","","","","","","",""
"...","Sint Maarten (Dutch part)","SXM","2018","ADM1","Unkown","naturalEarth","","?","","https://www.naturalearthdata.com/about/terms-of-use/","https://www.naturalearthdata.com/downloads/10m-cultural-vectors/10m-admin-1-states-provinces/","2018-XX-XX","...","Latin America and the Caribbean","Latin America and the Caribbean","Caribbean","High-income Countries","...","","","","","","","","","","",""
"...","Seychelles","SYC","2018","ADM1","Unkown","naturalEarth","","?","","https://www.naturalearthdata.com/about/terms-of-use/","https://www.naturalearthdata.com/downloads/10m-cultural-vectors/10m-admin-1-states-provinces/","2018-XX-XX","...","Africa","Sub-Saharan Africa","Eastern Africa","High-income Countries","...","","","","","","","","","","",""
"...","Syrian Arab Republic","SYR","2018","ADM1","Unkown","naturalEarth","","?","","https://www.naturalearthdata.com/about/terms-of-use/","https://www.naturalearthdata.com/downloads/10m-cultural-vectors/10m-admin-1-states-provinces/","2018-XX-XX","...","Asia","Northern Africa and Western Asia","Western Asia","Low-income Countries","...","","","","","","","","","","",""
"...","Turks and Caicos Islands","TCA","2018","ADM1","Unkown","naturalEarth","","?","","https://www.naturalearthdata.com/about/terms-of-use/","https://www.naturalearthdata.com/downloads/10m-cultural-vectors/10m-admin-1-states-provinces/","2018-XX-XX","...","Latin America and the Caribbean","Latin America and the Caribbean","Caribbean","High-income Countries","...","","","","","","","","","","",""
"...","Chad","TCD","2018","ADM1","Prefecture","naturalEarth","","?","","https://www.naturalearthdata.com/about/terms-of-use/","https://www.naturalearthdata.com/downloads/10m-cultural-vectors/10m-admin-1-states-provinces/","2018-XX-XX","...","Africa","Sub-Saharan Africa","Middle Africa","Low-income Countries","...","","","","","","","","","","",""
"...","Togo","TGO","2018","ADM1","Region","naturalEarth","","?","","https://www.naturalearthdata.com/about/terms-of-use/","https://www.naturalearthdata.com/downloads/10m-cultural-vectors/10m-admin-1-states-provinces/","2018-XX-XX","...","Africa","Sub-Saharan Africa","Western Africa","Low-income Countries","...","","","","","","","","","","",""
"...","Thailand","THA","2018","ADM1","Province","naturalEarth","","?","","https://www.naturalearthdata.com/about/terms-of-use/","https://www.naturalearthdata.com/downloads/10m-cultural-vectors/10m-admin-1-states-provinces/","2018-XX-XX","...","Asia","Eastern and South-Eastern Asia","South-Eastern Asia","Upper-middle-income Countries","...","","","","","","","","","","",""
"...","Tajikistan","TJK","2018","ADM1","Region","naturalEarth","","?","","https://www.naturalearthdata.com/about/terms-of-use/","https://www.naturalearthdata.com/downloads/10m-cultural-vectors/10m-admin-1-states-provinces/","2018-XX-XX","...","Asia","Central and Southern Asia","Central Asia","Low-income Countries","...","","","","","","","","","","",""
"...","Turkmenistan","TKM","2018","ADM1","Province","naturalEarth","","?","","https://www.naturalearthdata.com/about/terms-of-use/","https://www.naturalearthdata.com/downloads/10m-cultural-vectors/10m-admin-1-states-provinces/","2018-XX-XX","...","Asia","Central and Southern Asia","Central Asia","Upper-middle-income Countries","...","","","","","","","","","","",""
"...","Timor-Leste","TLS","2018","ADM1","District|Regencies","naturalEarth","","?","","https://www.naturalearthdata.com/about/terms-of-use/","https://www.naturalearthdata.com/downloads/10m-cultural-vectors/10m-admin-1-states-provinces/","2018-XX-XX","...","Asia","Eastern and South-Eastern Asia","South-Eastern Asia","Lower-middle-income Countries","...","","","","","","","","","","",""
"...","Tonga","TON","2018","ADM1","Unkown","naturalEarth","","?","","https://www.naturalearthdata.com/about/terms-of-use/","https://www.naturalearthdata.com/downloads/10m-cultural-vectors/10m-admin-1-states-provinces/","2018-XX-XX","...","Oceania","Oceania (excluding Australia and New Zealand)","Polynesia","Upper-middle-income Countries","...","","","","","","","","","","",""
"...","Trinidad and Tobago","TTO","2018","ADM1","Region","naturalEarth","","?","","https://www.naturalearthdata.com/about/terms-of-use/","https://www.naturalearthdata.com/downloads/10m-cultural-vectors/10m-admin-1-states-provinces/","2018-XX-XX","...","Latin America and the Caribbean","Latin America and the Caribbean","Caribbean","High-income Countries","...","","","","","","","","","","",""
"...","Tunisia","TUN","2018","ADM1","Governorate","naturalEarth","","?","","https://www.naturalearthdata.com/about/terms-of-use/","https://www.naturalearthdata.com/downloads/10m-cultural-vectors/10m-admin-1-states-provinces/","2018-XX-XX","...","Africa","Northern Africa and Western Asia","Northern Africa","Lower-middle-income Countries","...","","","","","","","","","","",""
"...","Turkey","TUR","2018","ADM1","Province","naturalEarth","","?","","https://www.naturalearthdata.com/about/terms-of-use/","https://www.naturalearthdata.com/downloads/10m-cultural-vectors/10m-admin-1-states-provinces/","2018-XX-XX","...","Asia","Northern Africa and Western Asia","Western Asia","Upper-middle-income Countries","...","","","","","","","","","","",""
"...","Tuvalu","TUV","2018","ADM1","Unkown","naturalEarth","","?","","https://www.naturalearthdata.com/about/terms-of-use/","https://www.naturalearthdata.com/downloads/10m-cultural-vectors/10m-admin-1-states-provinces/","2018-XX-XX","...","Oceania","Oceania (excluding Australia and New Zealand)","Polynesia","Upper-middle-income Countries","...","","","","","","","","","","",""
"...","China, Taiwan Province of China","TWN","2018","ADM1","County","naturalEarth","","?","","https://www.naturalearthdata.com/about/terms-of-use/","https://www.naturalearthdata.com/downloads/10m-cultural-vectors/10m-admin-1-states-provinces/","2018-XX-XX","...","Asia","Eastern and South-Eastern Asia","Eastern Asia","High-income Countries","...","","","","","","","","","","",""
"...","United Republic of Tanzania","TZA","2018","ADM1","Region","naturalEarth","","?","","https://www.naturalearthdata.com/about/terms-of-use/","https://www.naturalearthdata.com/downloads/10m-cultural-vectors/10m-admin-1-states-provinces/","2018-XX-XX","...","Africa","Sub-Saharan Africa","Eastern Africa","Low-income Countries","...","","","","","","","","","","",""
"...","Uganda","UGA","2018","ADM1","District","naturalEarth","","?","","https://www.naturalearthdata.com/about/terms-of-use/","https://www.naturalearthdata.com/downloads/10m-cultural-vectors/10m-admin-1-states-provinces/","2018-XX-XX","...","Africa","Sub-Saharan Africa","Eastern Africa","Low-income Countries","...","","","","","","","","","","",""
"...","Ukraine","UKR","2018","ADM1","Region","naturalEarth","","?","","https://www.naturalearthdata.com/about/terms-of-use/","https://www.naturalearthdata.com/downloads/10m-cultural-vectors/10m-admin-1-states-provinces/","2018-XX-XX","...","Europe","Europe and Northern America","Eastern Europe","Lower-middle-income Countries","...","","","","","","","","","","",""
"...","Uruguay","URY","2018","ADM1","Department","naturalEarth","","?","","https://www.naturalearthdata.com/about/terms-of-use/","https://www.naturalearthdata.com/downloads/10m-cultural-vectors/10m-admin-1-states-provinces/","2018-XX-XX","...","Latin America and the Caribbean","Latin America and the Caribbean","South America","High-income Countries","...","","","","","","","","","","",""
"...","United States of America","USA","2018","ADM1","State","naturalEarth","","?","","https://www.naturalearthdata.com/about/terms-of-use/","https://www.naturalearthdata.com/downloads/10m-cultural-vectors/10m-admin-1-states-provinces/","2018-XX-XX","...","Northern America","Europe and Northern America","Undefined","High-income Countries","...","","","","","","","","","","",""
"...","Uzbekistan","UZB","2018","ADM1","Region","naturalEarth","","?","","https://www.naturalearthdata.com/about/terms-of-use/","https://www.naturalearthdata.com/downloads/10m-cultural-vectors/10m-admin-1-states-provinces/","2018-XX-XX","...","Asia","Central and Southern Asia","Central Asia","Lower-middle-income Countries","...","","","","","","","","","","",""
"...","Holy See","VAT","2018","ADM1","Unkown","naturalEarth","","?","","https://www.naturalearthdata.com/about/terms-of-use/","https://www.naturalearthdata.com/downloads/10m-cultural-vectors/10m-admin-1-states-provinces/","2018-XX-XX","...","Europe","Europe and Northern America","Southern Europe","No income group available","...","","","","","","","","","","",""
"...","Saint Vincent and the Grenadines","VCT","2018","ADM1","Parish","naturalEarth","","?","","https://www.naturalearthdata.com/about/terms-of-use/","https://www.naturalearthdata.com/downloads/10m-cultural-vectors/10m-admin-1-states-provinces/","2018-XX-XX","...","Latin America and the Caribbean","Latin America and the Caribbean","Caribbean","Upper-middle-income Countries","...","","","","","","","","","","",""
"...","Venezuela (Bolivarian Republic of)","VEN","2018","ADM1","State","naturalEarth","","?","","https://www.naturalearthdata.com/about/terms-of-use/","https://www.naturalearthdata.com/downloads/10m-cultural-vectors/10m-admin-1-states-provinces/","2018-XX-XX","...","Latin America and the Caribbean","Latin America and the Caribbean","South America","Upper-middle-income Countries","...","","","","","","","","","","",""
"...","British Virgin Islands","VGB","2018","ADM1","Unkown","naturalEarth","","?","","https://www.naturalearthdata.com/about/terms-of-use/","https://www.naturalearthdata.com/downloads/10m-cultural-vectors/10m-admin-1-states-provinces/","2018-XX-XX","...","Latin America and the Caribbean","Latin America and the Caribbean","Caribbean","High-income Countries","...","","","","","","","","","","",""
"...","United States Virgin Islands","VIR","2018","ADM1","Unkown","naturalEarth","","?","","https://www.naturalearthdata.com/about/terms-of-use/","https://www.naturalearthdata.com/downloads/10m-cultural-vectors/10m-admin-1-states-provinces/","2018-XX-XX","...","Latin America and the Caribbean","Latin America and the Caribbean","Caribbean","High-income Countries","...","","","","","","","","","","",""
"...","Viet Nam","VNM","2018","ADM1","Province","naturalEarth","","?","","https://www.naturalearthdata.com/about/terms-of-use/","https://www.naturalearthdata.com/downloads/10m-cultural-vectors/10m-admin-1-states-provinces/","2018-XX-XX","...","Asia","Eastern and South-Eastern Asia","South-Eastern Asia","Lower-middle-income Countries","...","","","","","","","","","","",""
"...","Vanuatu","VUT","2018","ADM1","Province","naturalEarth","","?","","https://www.naturalearthdata.com/about/terms-of-use/","https://www.naturalearthdata.com/downloads/10m-cultural-vectors/10m-admin-1-states-provinces/","2018-XX-XX","...","Oceania","Oceania (excluding Australia and New Zealand)","Melanesia","Lower-middle-income Countries","...","","","","","","","","","","",""
"...","Wallis and Futuna Islands","WLF","2018","ADM1","Unkown","naturalEarth","","?","","https://www.naturalearthdata.com/about/terms-of-use/","https://www.naturalearthdata.com/downloads/10m-cultural-vectors/10m-admin-1-states-provinces/","2018-XX-XX","...","Oceania","Oceania (excluding Australia and New Zealand)","Polynesia","No income group available","...","","","","","","","","","","",""
"...","Samoa","WSM","2018","ADM1","Unkown","naturalEarth","","?","","https://www.naturalearthdata.com/about/terms-of-use/","https://www.naturalearthdata.com/downloads/10m-cultural-vectors/10m-admin-1-states-provinces/","2018-XX-XX","...","Oceania","Oceania (excluding Australia and New Zealand)","Polynesia","Upper-middle-income Countries","...","","","","","","","","","","",""
"...","Yemen","YEM","2018","ADM1","Governorate","naturalEarth","","?","","https://www.naturalearthdata.com/about/terms-of-use/","https://www.naturalearthdata.com/downloads/10m-cultural-vectors/10m-admin-1-states-provinces/","2018-XX-XX","...","Asia","Northern Africa and Western Asia","Western Asia","Low-income Countries","...","","","","","","","","","","",""
"...","South Africa","ZAF","2018","ADM1","Province","naturalEarth","","?","","https://www.naturalearthdata.com/about/terms-of-use/","https://www.naturalearthdata.com/downloads/10m-cultural-vectors/10m-admin-1-states-provinces/","2018-XX-XX","...","Africa","Sub-Saharan Africa","Southern Africa","Upper-middle-income Countries","...","","","","","","","","","","",""
"...","Zambia","ZMB","2018","ADM1","Province","naturalEarth","","?","","https://www.naturalearthdata.com/about/terms-of-use/","https://www.naturalearthdata.com/downloads/10m-cultural-vectors/10m-admin-1-states-provinces/","2018-XX-XX","...","Africa","Sub-Saharan Africa","Eastern Africa","Lower-middle-income Countries","...","","","","","","","","","","",""
"...","Zimbabwe","ZWE","2018","ADM1","Province","naturalEarth","","?","","https://www.naturalearthdata.com/about/terms-of-use/","https://www.naturalearthdata.com/downloads/10m-cultural-vectors/10m-admin-1-states-provinces/","2018-XX-XX","...","Africa","Sub-Saharan Africa","Eastern Africa","Low-income Countries","...","","","","","","","","","","",""
